idx,band,song,url
0,afterglow,ON YOUR MARK,https://youtu.be/09B-WljIiTo
1,afterglow,That Is How I Roll!,https://youtu.be/_lfuqSepLNw
2,afterglow,SENSENFUKOKU,https://youtu.be/RDZUbagvt0E
3,afterglow,I knew it!,https://youtu.be/q-TEDPBUv7M
4,afterglow,ツナグ、ソラモヨウ,https://youtu.be/BnWyq8p7NzI
5,afterglow,Hey-day狂騒曲(カプリチオ),https://youtu.be/czHlLBls4oo
6,afterglow,"Easy come, Easy go!",https://youtu.be/erY4I7Irk0E
7,afterglow,Sasanqua,https://youtu.be/zB2aqNpT8ak
8,afterglow,RED RED RED,https://youtu.be/PEUtqZ_lQ4w
9,afterglow,ONE OF US,https://youtu.be/fwT9BgeiPNU
10,afterglow,Y.O.L.O!!!!!,https://youtu.be/NWTkdgPu9v8
11,afterglow,Scarlet Sky,https://youtu.be/tfZBC32tcwo
12,afterglow,Off we go.,https://youtu.be/bg2UuSTbyqk
13,afterglow,いつも通りのBrand new days,https://youtu.be/Ku2GV2VkQcA
14,afterglow,SWITCH ON NOW,https://youtu.be/jsPk4RqO3N8
15,afterglow,ランブリングメモリー,https://youtu.be/vRHfyDdge6s
16,afterglow,COMIC PANIC!!!,https://youtu.be/LhpHCRJAAKw
17,afterglow,Trouble Joyful!!,https://youtu.be/RepUyAXXlD8
18,afterglow,Jamboree!Journey!,https://youtu.be/UEBaKDkey40
19,afterglow,カナユメ,https://youtu.be/ZFXt0Ul0YA8
20,afterglow,独創収差,https://youtu.be/8rQjShGMPYs
21,afterglow,極彩色,https://youtu.be/YvpL2A3FZk4
22,afterglow,サクラゼンセン,https://youtu.be/RJ98HN9hl6I
23,afterglow,True color,https://youtu.be/zOTQpZkq_vk
24,afterglow,Crow Song,https://youtu.be/mpPPaC8vfsU
25,afterglow,カサブタ,https://youtu.be/-0QIHYtgwwQ
26,afterglow,アイのシナリオ,https://youtu.be/TFvTI-1uz7g
27,afterglow,Northern lights,https://youtu.be/qrbkufy83yY
28,afterglow,トーキョーワンダー。,https://youtu.be/4vNlqraef0E
29,afterglow,Reach Out To The Truth,https://youtu.be/ufMWpo-RKpQ
30,afterglow,Listen!!,https://youtu.be/VDWm77vSOR8
31,afterglow,青い栞,https://youtu.be/bzJW33heiqw
32,afterglow,イマジネーション,https://youtu.be/PDtPDiaQOK8
33,afterglow,Butter-Fly,https://youtu.be/GlylV3xII5k
34,afterglow,燦々,https://youtu.be/WnTBaFVyDyM
35,afterglow,That's why I'm here.,https://youtu.be/Q0l5OZb3Fr8
36,afterglow,IGNITE GLOW,https://youtu.be/bU3kvmPZFBg
37,afterglow,ペトリコール・オベーション,https://youtu.be/XUxFCXHCDkU
38,afterglow,Made My Day,https://youtu.be/YfS7jNzytUs
39,afterglow,Glowing After,https://youtu.be/N-kz_Kbq6rU
40,afterglow,A Sunset So Bright,https://youtu.be/gKHkLAXGVbE
41,afterglow,Start as Usual,https://youtu.be/sWjSEnBR4qE
42,afterglow,“Say cheese!!!!!”,https://youtu.be/RHGk1uT_yMc
43,afterglow,花笑みのデュオ,https://youtu.be/m6jnZ8qDw-E
44,afterglow,READY STEADY GO (Cover),https://youtu.be/pSdx__hacYc
45,afterglow,abnormalize (Cover),https://youtu.be/PORDvsXEOjA
46,afterglow,メンタルチェンソー (Cover),https://youtu.be/ujO1ibiy_SQ
47,afterglow,Bunny Girl (Cover),https://youtu.be/9zRb7Kd0mOw
48,afterglow,オレンジ (Cover),https://youtu.be/1xpUhlxXVfQ
49,afterglow,カゲロウデイズ (Cover),https://youtu.be/f2UtT521XMs
50,afterglow,DAY×DAY (Cover),https://youtu.be/kSVcNXz21RY
51,afterglow,ロキ (Cover),https://youtu.be/i-3KO5JZOoA
52,afterglow,CHAINSAW BLOOD (Cover),https://youtu.be/0vocZOBTZKs
53,afterglow,チルドレンレコード (Re:boot) (Cover),https://youtu.be/SVBJBQX3IsA
54,afterglow,青のすみか (Cover),https://youtu.be/agEZ5jPpldQ
55,afterglow,GO!!! (Cover),https://youtu.be/FDflFAr27rE
56,afterglow,天ノ弱 (Cover),https://youtu.be/Rs6BXRn3noE
57,afterglow,アスノヨゾラ哨戒班 (Cover),https://youtu.be/Tdr0apLRXd4
58,afterglow,瞬間センチメンタル (Cover),https://youtu.be/_DYh8jUgy-Y
59,afterglow,プライド革命 (Cover),https://youtu.be/zvvFpagDgeY
60,afterglow,命に嫌われている。 (Cover),https://youtu.be/03BGdH5H5xE
61,afterglow,Redo (Cover),https://youtu.be/Q5ld_AEJAWw
62,afterglow,インフェルノ (Cover),https://youtu.be/DOrx3z-Z86c
63,afterglow,ドラマツルギー (Cover),https://youtu.be/wFqN8fUMosg
64,afterglow,COLORS (Cover),https://youtu.be/nUw5V5zupYQ
65,afterglow,午夜の待ち合わせ (Cover),https://youtu.be/jUMn-Sg_nq8
66,afterglow,サムライハート（Some Like It Hot!!） (Cover),https://youtu.be/DPCDABZ5uvY
67,afterglow,ベノム (Cover),https://youtu.be/MfBRzH_Wva8
68,afterglow,Don't say “lazy” (Cover),https://youtu.be/PThqwHLyPpU
69,afterglow,Part of the Life,https://youtu.be/O3ZcEs4b-uw
70,afterglow,Punchline Halloween!!!,https://youtu.be/9o7t80l3ycg
71,afterglow,I love your way！,https://youtu.be/AXFAOTQ9oK8
72,ave_mujica,KiLLKiSS,https://youtu.be/RexyoaXaQ1o
73,ave_mujica,"Georgette Me, Georgette You",https://youtu.be/vKDa7yfpd2M
74,ave_mujica,Imprisoned XII,https://youtu.be/0YNMV7xljD4
75,ave_mujica,Crucifix X,https://youtu.be/XP8al1l38Po
76,ave_mujica,八芒星ダンス,https://youtu.be/tevtnb427Mw
77,ave_mujica,顔,https://youtu.be/cVfQBLdIUXk
78,ave_mujica,天球のMúsica,https://youtu.be/2Bo-ULStqLo
79,ave_mujica,黒のバースデイ,https://youtu.be/WIhtJ7eJ-oI
80,ave_mujica,ふたつの月 ~Deep Into The Forest~,https://youtu.be/6USzFX8HnSY
81,ave_mujica,Choir ‘S’ Choir,https://youtu.be/7llj4mh4L-8
82,ave_mujica,神さま、バカ,https://youtu.be/OT9KqYBAkQc
83,ave_mujica,Mas?uerade Rhapsody Re?uest,https://youtu.be/VLxM8q6PF4I
84,ave_mujica,Ave Mujica,https://youtu.be/QDsd0nyzwz0
85,ave_mujica,Symbol I : △,https://youtu.be/2O5C0mJx0Fs
86,ave_mujica,Symbol II : Air,https://youtu.be/pMk3iHPlUaI
87,ave_mujica,Symbol III : ▽,https://youtu.be/NB3PxWLn9v4
88,ave_mujica,Symbol IV : Earth,https://youtu.be/WqQPM0dZpXc
89,ave_mujica,Ether,https://youtu.be/z6k7YIIZ6Hk
90,ave_mujica,The Whole Blue World,https://youtu.be/lkS9XIzWObc
91,ave_mujica,in your blue eyes,https://youtu.be/kVMuEQ3uXWc
92,ave_mujica,素晴らしき世界 でも どこにもない場所,https://youtu.be/MyI6sKuV4kY
93,ave_mujica,Angles,https://youtu.be/au2A3wyiLIo
94,ave_mujica,DIVINE,https://youtu.be/6bA-vjvi9oI
95,ave_mujica,Sophie,https://youtu.be/ivXQ21xDHfE
96,ave_mujica,‘S/’ The Way,https://youtu.be/L0Ou9IfobFQ
97,ave_mujica,碧い瞳の中に,https://youtu.be/bLOb7kC9Jns
98,ave_mujica,堕天 (Cover),https://youtu.be/OLb0YQJfos0
99,ave_mujica,KINGS (Cover),https://youtu.be/NI1cd7_soy8
100,ave_mujica,暗黒天国 (Cover),https://youtu.be/HHxaj24Rx0I
101,various_artists,Don't be afraid!,https://youtu.be/hPnvMOyGgzc
102,various_artists,Glee! Glee! Glee!,https://youtu.be/8ciuJN6xTIo
103,various_artists,"Be shine, shining!",https://youtu.be/tv1Pf0FE6iw
104,various_artists,"Here, the world",https://youtu.be/LuwRRghPD1A
105,various_artists,CiRCLE THANKS MUSiC♪,https://youtu.be/P6o2SIJAxWw
106,hello_happy_world,キミがいなくちゃっ！,https://youtu.be/9itZp8utiAw
107,hello_happy_world,ハイファイブ∞あどべんちゃっ,https://youtu.be/_Smbu0U70Ko
108,hello_happy_world,スマイルブーケで た〜まや〜！,https://youtu.be/37b4LJg0yFk
109,hello_happy_world,えがお･シング･あ･ソング,https://youtu.be/B-I2KAxGKD8
110,hello_happy_world,YAPPY! SCHOOL CARNIVAL☆彡,https://youtu.be/xNA7DZfdstI
111,hello_happy_world,にこ×にこ=ハイパースマイルパワー！,https://youtu.be/YRQHVpYDHAU
112,hello_happy_world,ないすみちゅっ！,https://youtu.be/ByAniAhEdhk
113,hello_happy_world,ゴーカ！ごーかい！？ファントムシーフ！,https://youtu.be/35xJFtwHx7Q
114,hello_happy_world,うぃーきゃん☆フレフレっ！,https://youtu.be/VJDcALjsZ80
115,hello_happy_world,えがおのオーケストラっ！,https://youtu.be/24Xzx6dH5tg
116,hello_happy_world,にこにこねくと！,https://youtu.be/B0AssN_z5gU
117,hello_happy_world,ふぁいぶスマイル◯オールインっ！,https://youtu.be/fTgVisxMdOQ
118,hello_happy_world,せかいのっびのびトレジャー！,https://youtu.be/t-YRHYvIqEE
119,hello_happy_world,きらっ☆と キミフェス！,https://youtu.be/VRSbIOh8w3U
120,hello_happy_world,うちゃパ！で ぱっぴかポーんっ！,https://youtu.be/Ibs-CJd-qws
121,hello_happy_world,はれやか すこやか ぴかりんりん♪,https://youtu.be/hstT4_F2Hqg
122,hello_happy_world,ふわふわ☆ゆめいろサンドイッチ,https://youtu.be/pAB-NYhMXFc
123,hello_happy_world,Happy! Happier! Happiest!,https://youtu.be/xpECEzVaWH8
124,hello_happy_world,現るっ！大怪盗ハロハッピー！,https://youtu.be/sLn7oV54kYY
125,hello_happy_world,わちゃ・もちゃ・ぺったん行進曲,https://youtu.be/Qq1_N9wKA0I
126,hello_happy_world,おもいでイルミネーション,https://youtu.be/ZC84bEuG6AA
127,hello_happy_world,おもいやりハーモニー,https://youtu.be/tMlaNbpRmSE
128,hello_happy_world,ハピネスっ！ハピィーマジカルっ♪,https://youtu.be/wPDP9eT2-Cs
129,hello_happy_world,えがお、あーゆーれでぃ???,https://youtu.be/DAxR0sfi-pk
130,hello_happy_world,ハッピーサマーウェディング,https://youtu.be/SQrYhJ6x7kE
131,hello_happy_world,ひまわりの約束,https://youtu.be/WC3paFpeKTo
132,hello_happy_world,ハッピー☆マテリアル,https://youtu.be/YBNg45T7_2M
133,hello_happy_world,太陽曰く燃えよカオス,https://youtu.be/OHypaKK3Jww
134,hello_happy_world,エクストラ・マジック・アワー,https://youtu.be/kRQTnmIO5Jw
135,hello_happy_world,コレカラ,https://youtu.be/9DpyAgb_DO8
136,hello_happy_world,全力少年,https://youtu.be/-YBcjF1R-Es
137,hello_happy_world,オレンジ,https://youtu.be/YtgT2EaDZ0A
138,hello_happy_world,Happy Girl,https://youtu.be/AcAaiJqg8Ps
139,hello_happy_world,ン・パカマーチ,https://youtu.be/KazeDrpkrBY
140,hello_happy_world,サンバロハッピ〜！,https://youtu.be/RvtTwS_wErQ
141,hello_happy_world,ボクらの夏's☆ショーたいむっ！！,https://youtu.be/Wi9V_T-igiw
142,hello_happy_world,むすんでわらって,https://youtu.be/pdncPARjwrw
143,hello_happy_world,キミを れっつ・はぶ・ふぁん♪,https://youtu.be/2CnDHPhRVyQ
144,hello_happy_world,らいふ・いず・みゅーじかるっ♪♪♪,https://youtu.be/SnlhQO2t8Zo
145,hello_happy_world,れっつ・スマイル・すとり〜みんぐっ♪,https://youtu.be/5IcpLkGA54I
146,hello_happy_world,やっほー！いっぽ！わんだふぉー！,https://youtu.be/1rfk9_lj-iA
147,hello_happy_world,とーくとぅみー・とーくとぅゆー,https://youtu.be/7HxPLgP9AEo
148,hello_happy_world,ハイタッチ／＼びりーばーず☆,https://youtu.be/rCQsYw_x7Us
149,hello_happy_world,Listen to Smile!,https://youtu.be/5Bz8TBMardI
150,hello_happy_world,スマイリーキャロル,https://youtu.be/f5aGrmFiDGc
151,hello_happy_world,えがお、み〜っけた！,https://youtu.be/Gvey12GFPwU
152,hello_happy_world,上海ハニー (Cover),https://youtu.be/JbEmP03gUnE
153,hello_happy_world,シル・ヴ・プレジデント (Cover),https://youtu.be/pli3-yJjWJM
154,hello_happy_world,ヒャダインのじょーじょーゆーじょー (Cover),https://youtu.be/yfpbW_HnS4Y
155,hello_happy_world,はいよろこんで (Cover),https://youtu.be/BHC1CKcSf50
156,hello_happy_world,シカ色デイズ (Cover),https://youtu.be/KaD3F8riuLE
157,hello_happy_world,強風オールバック (Cover),https://youtu.be/EGxEKCHDAFE
158,hello_happy_world,最高到達点 (Cover),https://youtu.be/8AwnyCo2FF0
159,hello_happy_world,許婚っきゅん (Cover),https://youtu.be/X9VNpJdPGWE
160,hello_happy_world,新宝島 (Cover),https://youtu.be/61wi4lZdYWI
161,hello_happy_world,ドレミファロンド (Cover),https://youtu.be/IjlX1R75PRw
162,hello_happy_world,きゅうくらりん (Cover),https://youtu.be/2WVpP1DEQMk
163,hello_happy_world,ロメオ (Cover),https://youtu.be/MFrdfe1gA-s
164,hello_happy_world,エイリアンエイリアン (Cover),https://youtu.be/KzkHYPBh0lg
165,hello_happy_world,いーあるふぁんくらぶ (Cover),https://youtu.be/uchoxbR-Mkc
166,hello_happy_world,回レ！雪月花 (Cover),https://youtu.be/h_gwUH2JlIA
167,hello_happy_world,恋愛裁判 (Cover),https://youtu.be/qTEBfVWtDu4
168,hello_happy_world,TOMORROW (Cover),https://youtu.be/AIMdg1EhHFw
169,hello_happy_world,GO! GO! MANIAC (Cover),https://youtu.be/sDFuLB7r070
170,hello_happy_world,Dragon Night (Cover),https://youtu.be/Dy4vu-bUI5s
171,hello_happy_world,ようこそジャパリパークへ (Cover),https://youtu.be/p0It2jRsdtw
172,hello_happy_world,ウィーアー！ (Cover),https://youtu.be/0p2o3wLQcNM
173,hello_happy_world,おジャ魔女カーニバル!! (Cover),https://youtu.be/b1ycD-2c_xw
174,hello_happy_world,ダーリンダンス (Cover),https://youtu.be/rf9zk-2d1kU
175,hello_happy_world,ノーポイッ！ (Cover),https://youtu.be/sUrFo5Xw0Lc
176,hello_happy_world,SHINY DAYS (Cover),https://youtu.be/w0kOSCWzEx8
177,hello_happy_world,シルエット (Cover),https://youtu.be/n7U-z7okdBM
178,ikka_dumb_rock,ホーミー・タイッ！！,https://youtu.be/BSP-xypGSak
179,millsage,起死開戦,https://youtu.be/bzPxdHmMW3s
180,morfonica,Daylight -デイライト-,https://youtu.be/oT-B-uUUG28
181,morfonica,メランコリックララバイ,https://youtu.be/D_uUbtZUOPc
182,morfonica,flame of hope,https://youtu.be/4kLyLp8Oco0
183,morfonica,ブルームブルーム,https://youtu.be/ulnZ8yiS7Jg
184,morfonica,カラフルリバティー,https://youtu.be/HqDa4NOAt8w
185,morfonica,fly with the night,https://youtu.be/DpnFf8UINbs
186,morfonica,金色へのプレリュード,https://youtu.be/Qam2U-LF_Ks
187,morfonica,The Circle Of Butterflies,https://youtu.be/eMR-LxXyCKs
188,morfonica,ハーモニー・デイ,https://youtu.be/NuhjVeWwvoM
189,morfonica,Sweet Cheers!,https://youtu.be/e8IQBZMVIGw
190,morfonica,"寄る辺のSunny, Sunny",https://youtu.be/6C4NOz-t3QA
191,morfonica,誓いのWingbeat,https://youtu.be/nnpD32__lAY
192,morfonica,Ever Sky Blue,https://youtu.be/Ar7QtswUNGw
193,morfonica,Polyphonyscape,https://youtu.be/I6h4Rm32k-I
194,morfonica,Wreath of Brave,https://youtu.be/5O3gAE65_34
195,morfonica,Merry Merry Thanks!!,https://youtu.be/j3W3NHurJnk
196,morfonica,Sonorous,https://youtu.be/Wl5LZ3iJNzM
197,morfonica,両翼のBrilliance,https://youtu.be/O0jB7IA5tZg
198,morfonica,Steer to Utopia,https://youtu.be/wjpVRH7GOFc
199,morfonica,Fateful...,https://youtu.be/RD_6TSNkxg0
200,morfonica,ティリカモニカリラ,https://youtu.be/d32zOmV118k
201,morfonica,Secret Dawn,https://youtu.be/eWqv5RB6jng
202,morfonica,Angel's Ladder,https://youtu.be/7Hml249yhKg
203,morfonica,One step at a time,https://youtu.be/T_a1YLnxD50
204,morfonica,Tempest,https://youtu.be/OWTf5lEPT_g
205,morfonica,フレージング ミラージュ,https://youtu.be/zY9c9Ws9I3Y
206,morfonica,MUGEN Reverberate!,https://youtu.be/B6602-OMtZI
207,morfonica,わたしまちがいさがし,https://youtu.be/UgP_YbdsoB8
208,morfonica,esora no clover,https://youtu.be/fGgKN9_egCM
209,morfonica,きょうもMerry go rounD,https://youtu.be/RDhZVoPqL8k
210,morfonica,Feathered Dreams,https://youtu.be/sAnwgtsAzs8
211,morfonica,Portray Empathy,https://youtu.be/A-8Ci-YRgjE
212,morfonica,ビューティ・フォー,https://youtu.be/5kgdPWEUA7Q
213,morfonica,胡蝶翔る星月夜,https://youtu.be/GOU_X0KK-jo
214,morfonica,Color of Us,https://youtu.be/x9I1W3Aigrc
215,morfonica,Resonant Strings,https://youtu.be/zpHPneTujSA
216,morfonica,Shining Leaves,https://youtu.be/HkruyxEhOPI
217,morfonica,音がえしのセレナーデ,https://youtu.be/sUaDAY9u4y8
218,morfonica,蒼穹へのトレイル,https://youtu.be/eAjX1Ihvtac
219,morfonica,QUEEN (Cover),https://youtu.be/_FiExtFisto
220,morfonica,again (Cover),https://youtu.be/4Vgb5ZfuGas
221,morfonica,輪舞-revolution (Cover),https://youtu.be/RquM6y7cTZU
222,morfonica,メロウ (Cover),https://youtu.be/falfRIZceKw
223,morfonica,祝福 (Cover),https://youtu.be/A8BRPZIHCs4
224,morfonica,Overdose (Cover),https://youtu.be/ILjUR5nQQPA
225,morfonica,かくれんぼ (Cover),https://youtu.be/GGYr_vW75pI
226,morfonica,chAngE (Cover),https://youtu.be/SfdLc7O8nhM
227,morfonica,ALIVE (Cover),https://youtu.be/fzIHYLmJcy4
228,morfonica,Nameless Story (Cover),https://youtu.be/hLQbNQsCqwg
229,morfonica,青空のラプソディ (Cover),https://youtu.be/ZK7DbX4BApQ
230,morfonica,Nevereverland (Cover),https://youtu.be/ou7eTJ4JzGE
231,morfonica,メリッサ (Cover),https://youtu.be/yGdpwyRIyAQ
232,morfonica,COLORFUL BOX (Cover),https://youtu.be/bdjK1IZSudQ
233,morfonica,unravel (Cover),https://youtu.be/uRaB7qZwZP4
234,morfonica,アゲハ蝶 (Cover),https://youtu.be/EG78S0HJvZg
235,morfonica,V.I.P (Cover),https://youtu.be/B4O27f5P8Dk
236,morfonica,CQCQ (Cover),https://youtu.be/v12Sqv9lA0c
237,mugendai_mutype,アイの夢限,https://youtu.be/fSa8XH8d-T4
238,mugendai_mutype,どんがらがっしゃん,https://youtu.be/DvZohC30iOw
239,mugendai_mutype,みゅーたんとミュータント,https://youtu.be/qnHJDWgLkvw
240,mugendai_mutype,チューニング,https://youtu.be/gJqvYYkdkC8
241,mugendai_mutype,Dream Voyage,https://youtu.be/fDnYCRzvCco
242,mugendai_mutype,グラディエント,https://youtu.be/QMcU8T8wOd4
243,mugendai_mutype,LET'Sあちあちトレーニング！,https://youtu.be/g9fpSuTbouI
244,mugendai_mutype,真夜中遊園地,https://youtu.be/KD-EeGTr53I
245,mugendai_mutype,テレパシー,https://youtu.be/mKiBvYqfBfk
246,mugendai_mutype,TRASH LIFE,https://youtu.be/oD74b35UNVc
247,mugendai_mutype,新人類は仮想世界の夢を見るか?,https://youtu.be/zFsTGz60TLY
248,mugendai_mutype,コミュ着火Fire!,https://youtu.be/SI8q0trRdOE
249,mugendai_mutype,Calling,https://youtu.be/a6oOosacMxc
250,mugendai_mutype,Hi-Vision,https://youtu.be/a1-SB-tFYmI
251,mugendai_mutype,コハク,https://youtu.be/XYCI2LzEnZA
252,mugendai_mutype,✞animaるパーティ✞開催中✞,https://youtu.be/J_zCYMoy1Cw
253,mugendai_mutype,エンプティパペット,https://youtu.be/xosxYF29mvk
254,mugendai_mutype,限界現実サバイブ天使,https://youtu.be/_iX9WOOierg
255,mugendai_mutype,ビッグマウス,https://youtu.be/3WpaXoun2Tc
256,mugendai_mutype,夢現妄想世界,https://youtu.be/vS2MCoSUEVs
257,mugendai_mutype,やわやわNERD 超FreQuency,https://youtu.be/xzkEK0GF7fw
258,mugendai_mutype,超惑星Xへの旅,https://youtu.be/jr_xt37IcRc
259,mugendai_mutype,これはぼくたちの生存のあらすじ,https://youtu.be/4XbNBhZuBoA
260,mygo,迷星叫,https://youtu.be/V6gq-6dAbHA
261,mygo,壱雫空,https://youtu.be/bqDL0mTUiLs
262,mygo,碧天伴走,https://youtu.be/S7S4gUjXKjo
263,mygo,影色舞,https://youtu.be/5_ZWx7Q26Tw
264,mygo,歌いましょう鳴らしましょう,https://youtu.be/Xtqz4zUlrGY
265,mygo,潜在表明,https://youtu.be/ljBKERoFUZQ
266,mygo,音一会,https://youtu.be/SKj1BxRGdfI
267,mygo,春日影 (MyGO!!!!! ver.),https://youtu.be/NycFr6D6DSw
268,mygo,詩超絆,https://youtu.be/OenakjvUs24
269,mygo,迷路日々,https://youtu.be/d0E91J6UHSw
270,mygo,無路矢,https://youtu.be/b3Rapr2kUTM
271,mygo,名無声,https://youtu.be/DEyXwtinmfs
272,mygo,栞,https://youtu.be/SgJFZEI6GSw
273,mygo,歩拾道,https://youtu.be/EEeYU4-dhZk
274,mygo,明弦音,https://youtu.be/6sJ7vXe_oMU
275,mygo,孤壊牢,https://youtu.be/x56aIq5BDQU
276,mygo,霧周途,https://youtu.be/qJPXncScNA4
277,mygo,端程山,https://youtu.be/2gRiKJ6zxRg
278,mygo,処救生,https://youtu.be/Z2OLVzWFaY0
279,mygo,輪符雨,https://youtu.be/5qaDNLKfu3o
280,mygo,夜隠染,https://youtu.be/szlxFGtNCs0
281,mygo,過惰幻,https://youtu.be/aggmsIQMR4I
282,mygo,回層浮,https://youtu.be/ZPB6sJ0ehOI
283,mygo,砂寸奏,https://youtu.be/ydoFJ2s-kDA
284,mygo,焚音打,https://youtu.be/meUaiXnSeGY
285,mygo,残痕字,https://youtu.be/lfDO7bvUtn8
286,mygo,掌心正銘,https://youtu.be/Aww91itH5cQ
287,mygo,証命讃歌,https://youtu.be/I5s3q-_HCSk
288,mygo,エガクミライ,https://youtu.be/T_jH9KJTlsI
289,mygo,静降想,https://youtu.be/OdVHJhdFYOo
290,mygo,聿日箋秋,https://youtu.be/dKPye_tGXFM
291,mygo,往欄印,https://youtu.be/ypcMuQhWdZA
292,mygo,だれかの心臓になれたなら (Cover),https://youtu.be/QOGVaoFOeuw
293,mygo,遥か彼方 (Cover),https://youtu.be/rKyU_gxye30
294,mygo,雑踏、僕らの街 (Cover),https://youtu.be/9fH4DBvi5pE
295,mygo,過去を喰らう (Cover),https://youtu.be/ZwDx3We2qL8
296,mygo,君の神様になりたい。 (Cover),https://youtu.be/NOo87S0ABXQ
297,mygo,ノンブレス・オブリージュ (Cover),https://youtu.be/cdVOlppDwFo
298,mygo,swim (Cover),https://youtu.be/YcBvpV_CzuU
299,mygo,猛独が襲う (Cover),https://youtu.be/DHxVK6DGqxk
300,mygo,春日影,https://youtu.be/wRwQUk0Dl30
301,pastel_palettes,TITLE IDOL,https://youtu.be/DYcKUe6QYtQ
302,pastel_palettes,ワクワクmeetsトリップ,https://youtu.be/2tsI2LPugWE
303,pastel_palettes,ゆら・ゆらRing-Dong-Dance,https://youtu.be/IYi3pLHGEo0
304,pastel_palettes,もういちど ルミナス,https://youtu.be/674OQz-V6b0
305,pastel_palettes,あっつあつ 常夏 らぶ☆サマー！,https://youtu.be/F2XgwwQFcvs
306,pastel_palettes,天下トーイツ A to Z☆,https://youtu.be/rL-CITfYnV8
307,pastel_palettes,しゅわりん☆どり〜みん,https://youtu.be/9s_GFDvfUTI
308,pastel_palettes,Power of LOVE!!!,https://youtu.be/zTJjAOvwhgo
309,pastel_palettes,きゅ～まい＊flower,https://youtu.be/_Y2me3JTTd4
310,pastel_palettes,Winking☆Cheer,https://youtu.be/jDHsMU5ZFR0
311,pastel_palettes,ゆめゆめグラデーション,https://youtu.be/p5ta20-h8vU
312,pastel_palettes,はなまる◎アンダンテ,https://youtu.be/QKpgJFE3CgM
313,pastel_palettes,パスパレボリューションず☆,https://youtu.be/02-G0MAcdmc
314,pastel_palettes,SURVIVOR ねばーぎぶあっぷ!,https://youtu.be/5emw7-6FnvE
315,pastel_palettes,Wonderland Girl,https://youtu.be/i_pkiVx3dWo
316,pastel_palettes,ゼッタイ宣言～Recital～,https://youtu.be/LoW3xxuewLc
317,pastel_palettes,ぎゅっDAYS♪,https://youtu.be/Aihl3YY6wFw
318,pastel_palettes,Wonderful Sweet!,https://youtu.be/oMtLVZ4z9wM
319,pastel_palettes,るんっ♪てぃてぃー！,https://youtu.be/pOhredaA3bY
320,pastel_palettes,パッパレ☆人生！バーン万歳！,https://youtu.be/AqU8cxKLmN0
321,pastel_palettes,Brand new Pastel Road!,https://youtu.be/BDy7oYorJzw
322,pastel_palettes,あこがれacross,https://youtu.be/UbKbTPzYNOI
323,pastel_palettes,ハレハレ☆フォーチュン,https://youtu.be/iKRoKPyOXlQ
324,pastel_palettes,ハナヒバナ,https://youtu.be/mzgnly7MnCA
325,pastel_palettes,そばかす,https://youtu.be/jSvmpgJLlR4
326,pastel_palettes,気まぐれロマンティック,https://youtu.be/Awn0evP-X4k
327,pastel_palettes,ドリームパレード,https://youtu.be/TOIuxE3mMcI
328,pastel_palettes,ラムのラブソング,https://youtu.be/BnlwHfHBafM
329,pastel_palettes,DANCE! おジャ魔女,https://youtu.be/VkLZPuTArN4
330,pastel_palettes,DISCOTHEQUE,https://youtu.be/OK782ls3yH8
331,pastel_palettes,ゆりゆららららゆるゆり大事件,https://youtu.be/pSH0gYedUEg
332,pastel_palettes,SAKURAスキップ,https://youtu.be/DxUyKQwPeWU
333,pastel_palettes,Stay Alive,https://youtu.be/cC9iaoSJLqw
334,pastel_palettes,秘密の扉から会いにきて,https://youtu.be/Vfk4MdZKBn4
335,pastel_palettes,トリドリ＊パレット,https://youtu.be/bhbqZAY_TEk
336,pastel_palettes,ドラマチック！アライブ,https://youtu.be/ppjwpt0H2o4
337,pastel_palettes,Radiate Warriors,https://youtu.be/dS-SUwftzmM
338,pastel_palettes,ReReReエボリューションず☆,https://youtu.be/4XSLFAmgO34
339,pastel_palettes,everyday flower,https://youtu.be/zEHPkLXcX1I
340,pastel_palettes,With〜きみとわたしたちの物語〜,https://youtu.be/zjMWXcNc8Uw
341,pastel_palettes,フレっとパレットFight Song!!,https://youtu.be/ZvK22__1ECE
342,pastel_palettes,デイオフ・ラフ・ラブ・サンクス,https://youtu.be/M4asKbF6F18
343,pastel_palettes,ホワイト ノスタルジア,https://youtu.be/oN98BBBIOnw
344,pastel_palettes,Y.O.L.O！！！！！(パスパレver.),https://youtu.be/yKkCyuTOi8Q
345,pastel_palettes,奏（かなで） (Cover),https://youtu.be/7ivdiNcTRmA
346,pastel_palettes,Sparkling Daydream (Cover),https://youtu.be/cWaspJSp51g
347,pastel_palettes,春を告げる (Cover),https://youtu.be/Kz_bl2WNEag
348,pastel_palettes,だから、ひとりじゃない (Cover),https://youtu.be/RxB9vL3xGts
349,pastel_palettes,サインはB (Cover),https://youtu.be/pe-Hf4LBNu4
350,pastel_palettes,愛包ダンスホール (Cover),https://youtu.be/qvnhTZ8Tt6Y
351,pastel_palettes,最上級にかわいいの！ (Cover),https://youtu.be/e8vNIMfYZ5Q
352,pastel_palettes,♡桃色片想い♡ (Cover),https://youtu.be/wYKNiQ89D2c
353,pastel_palettes,金曜日のおはよう (Cover),https://youtu.be/Yuy49UdKUDk
354,pastel_palettes,魔法少女とチョコレゐト (Cover),https://youtu.be/1TkdhB2WsRs
355,pastel_palettes,可愛くてごめん (Cover),https://youtu.be/rUHSBpc0bII
356,pastel_palettes,からくりピエロ (Cover),https://youtu.be/l-fkEvCQmPY
357,pastel_palettes,みくみくにしてあげる♪【してやんよ】 (Cover),https://youtu.be/LwR74MCem6w
358,pastel_palettes,ルカルカ★ナイトフィーバー (Cover),https://youtu.be/9xwqyx5ctOo
359,pastel_palettes,アイドル (Cover),https://youtu.be/cJBTmzjJzU8
360,pastel_palettes,secret base ～君がくれたもの～ (Cover),https://youtu.be/itCnoApRdqU
361,pastel_palettes,ふわふわ時間 (Cover),https://youtu.be/dLeFvw9vy3o
362,pastel_palettes,Fantastic future (Cover),https://youtu.be/6Io8ctmS0YY
363,pastel_palettes,Baby Sweet Berry Love (Cover),https://youtu.be/OOd6NXBYo3k
364,pastel_palettes,Q＆A　リサイタル！ (Cover),https://youtu.be/UdKKTRtfxjg
365,pastel_palettes,ヒトリゴト (Cover),https://youtu.be/v5LyeEX1YV0
366,pastel_palettes,惑星ループ (Cover),https://youtu.be/myK79DvRm3o
367,pastel_palettes,世界は恋に落ちている (Cover),https://youtu.be/5EWO1vDl0tc
368,pastel_palettes,ハッピーシンセサイザ (Cover),https://youtu.be/AD3WCMhAGVs
369,pastel_palettes,春擬き (Cover),https://youtu.be/LuBJ_pjwIXk
370,pastel_palettes,Make it! (Cover),https://youtu.be/l0RnmsJuvfo
371,pastel_palettes,花ハ踊レヤいろはにほ (Cover),https://youtu.be/ZoMwONgrN_E
372,pastel_palettes,夜に駆ける (Cover),https://youtu.be/qr_jUCTw_T0
373,pastel_palettes,徒花ネクロマンシー (Cover),https://youtu.be/_G5oGC6aJYs
374,pastel_palettes,ノスタルジックレインフォール (Cover),https://youtu.be/i-jiHiL7G8s
375,poppin_party,Yes! BanG_Dream!,https://youtu.be/tBSpLDIqbHc
376,poppin_party,STAR BEAT!～ホシノコドウ～,https://youtu.be/RtKwXh18gkc
377,poppin_party,走り始めたばかりのキミに,https://youtu.be/pBKo-SAbtcM
378,poppin_party,ティアドロップス,https://youtu.be/lOE3DB6Ur4A
379,poppin_party,ときめきエクスペリエンス！,https://youtu.be/OqN-TbVubpA
380,poppin_party,キラキラだとか夢だとか ～Sing Girls～,https://youtu.be/4YrfrDTabQk
381,poppin_party,私の心はチョココロネ,https://youtu.be/ZnaBCQTeHYI
382,poppin_party,前へススメ！,https://youtu.be/3ugLz4FMdeI
383,poppin_party,夢みるSunflower,https://youtu.be/yQ0ebf3C1zM
384,poppin_party,ティアドロップス ～Popipa Acoustic Ver.～,https://youtu.be/Eq0Mo7Ca02I
385,poppin_party,走り始めたばかりのキミに ～Popipa Acoustic Ver.～,https://youtu.be/PZlcgbhP8PY
386,poppin_party,Time Lapse,https://youtu.be/ap3LhZJvbiw
387,poppin_party,八月のif,https://youtu.be/y_wsqM33BaY
388,poppin_party,クリスマスのうた,https://youtu.be/EMwYk4qPK1k
389,poppin_party,B.O.F,https://youtu.be/dW25FkbQC58
390,poppin_party,CiRCLING,https://youtu.be/Zj4qzqS--UY
391,poppin_party,二重の虹(ダブル レインボウ),https://youtu.be/sNaJuqFB-_g
392,poppin_party,最高(さあ行こう)！,https://youtu.be/w5jX2B8W6l8
393,poppin_party,ガールズコード,https://youtu.be/94djfHnNylA
394,poppin_party,Yes! BanG_Dream! ～Popipa Acoustic Ver.～,https://youtu.be/ZHrWJfxYKOQ
395,poppin_party,夏空 SUN! SUN! SEVEN! ～Popipa Acoustic Ver.～,https://youtu.be/aWzYylwrlNU
396,poppin_party,STAR BEAT!～ホシノコドウ～ ～Popipa Acoustic Ver.～,https://youtu.be/kj5orLd_XnA
397,poppin_party,Breakthrough!,https://youtu.be/jL9BEY5Lt7Q
398,poppin_party,NO GIRL NO CRY/Poppin'Party Ver.,https://youtu.be/D1ONxAWcbGE
399,poppin_party,イニシャル,https://youtu.be/Yb9FzUPpk0Y
400,poppin_party,Hello! Wink!,https://youtu.be/BduVH7BZj2k
401,poppin_party,Step×Step!,https://youtu.be/yJSDaYtRGto
402,poppin_party,Jumpin',https://youtu.be/SIF5yp2lNqA
403,poppin_party,White Afternoon,https://youtu.be/Q7Y-vskuNVQ
404,poppin_party,キラキラスター！,https://youtu.be/idH2KGN0C4A
405,poppin_party,Returns,https://youtu.be/zWKV5yudE18
406,poppin_party,Dreamers Go!,https://youtu.be/VigNV3bsE_k
407,poppin_party,キズナミュージック♪,https://youtu.be/rvKC_BDWo0o
408,poppin_party,ミライトレイン,https://youtu.be/amlyxSdWmTg
409,poppin_party,夢を撃ち抜く瞬間に！,https://youtu.be/Y8-nQ9ehgZE
410,poppin_party,ぽっぴん'しゃっふる,https://youtu.be/FNpk2rkmT_U
411,poppin_party,夏空 SUN! SUN! SEVEN!,https://youtu.be/AwmICsVBWLU
412,poppin_party,1000回潤んだ空,https://youtu.be/b-ZAiNOYtE0
413,poppin_party,HAPPY HAPPY PARTY!,https://youtu.be/c0brvCZdxeg
414,poppin_party,夏のドーン！,https://youtu.be/xtgdECulbbw
415,poppin_party,キミにもらったもの,https://youtu.be/gu85qKfXfj8
416,poppin_party,Light Delight,https://youtu.be/ycVVqPjxPqk
417,poppin_party,切ないSandglass,https://youtu.be/W_W3LnZJApA
418,poppin_party,Home Street,https://youtu.be/_n8qGOBD0J8
419,poppin_party,What's the POPIPA!?,https://youtu.be/pX8lWO_Jwv4
420,poppin_party,SAKURA MEMORIES,https://youtu.be/lQF_5FOrl7k
421,poppin_party,アニバーサリー,https://youtu.be/0TYq4xK3G8g
422,poppin_party,Tomorrow's Door,https://youtu.be/j7o8KLDowG8
423,poppin_party,イントロダクション,https://youtu.be/KfuOq4v5H_A
424,poppin_party,TARINAI,https://youtu.be/aIaSbIpxXb8
425,poppin_party,DOKI DOKI SCARY,https://youtu.be/T6a3TbucVIk
426,poppin_party,Photograph,https://youtu.be/jLWs8qcXF7o
427,poppin_party,夏に閉じこめて,https://youtu.be/02n9fIuuew8
428,poppin_party,ぽっぴん'どりーむ！,https://youtu.be/-ISFvqdfTHo
429,poppin_party,星の約束,https://youtu.be/fa9khQQc5HE
430,poppin_party,新しい季節に,https://youtu.be/bqKoweXOY1I
431,poppin_party,トレモロアイズ,https://youtu.be/lsRTa_4Q9iU
432,poppin_party,雨上がり、キミと,https://youtu.be/6PWbcFhH1sc
433,poppin_party,花咲く未来に,https://youtu.be/rTVN1M1DNx8
434,poppin_party,Live Beyond!!,https://youtu.be/BQ417cl8-iE
435,poppin_party,Sweets BAN!,https://youtu.be/_Zbm5jidUmM
436,poppin_party,キミが始まる！,https://youtu.be/tjFia-3Se94
437,poppin_party,Moonlight Walk,https://youtu.be/Ie0-J4-CMk4
438,poppin_party,ここから先は歌にならない,https://youtu.be/YfSxTmBzz9k
439,poppin_party,青春 To Be Continued,https://youtu.be/inyz9fpWPT0
440,poppin_party,Future Place,https://youtu.be/JonvwJvZFv4
441,poppin_party,大好き！,https://youtu.be/NW5DnKrpr8M
442,poppin_party,Five Letters,https://youtu.be/-rDKKJcyyTU
443,poppin_party,最強☆ソング,https://youtu.be/pSYXzPMhsPQ
444,poppin_party,RiNG A BELL,https://youtu.be/ai76D_byMgk
445,poppin_party,Drive Your Heart,https://youtu.be/3qwN9R7er9Y
446,poppin_party,とっておきAnswer,https://youtu.be/uOdEmtdzblA
447,poppin_party,START!! True dreams,https://youtu.be/SQ_-nPf-SNI
448,poppin_party,どきどきデエト,https://youtu.be/sk7nYFsnLto
449,poppin_party,チョコレイトの低音レシピ,https://youtu.be/pbDiKPBuTsc
450,poppin_party,Chu Chueen!,https://youtu.be/5j2a4m1OQsg
451,poppin_party,どきどきSING OUT!,https://youtu.be/Y-tnOBf-byo
452,poppin_party,Freedom,https://youtu.be/oy6OCnr9eAg
453,poppin_party,Game Changer,https://youtu.be/X7NS0u628lw
454,poppin_party,花園電気ギター！！！,https://youtu.be/Fb6Vxj--Fq4
455,poppin_party,す、好きなんかじゃない！,https://youtu.be/vdYlI5BnvPk
456,poppin_party,遠い音楽 ～ハートビート～,https://youtu.be/jTSPnt5kts0
457,poppin_party,ほな！,https://youtu.be/hDgXSuDV51A
458,poppin_party,世界中の青空をあつめて,https://youtu.be/OuCaAYkV2d8
459,poppin_party,勇気Limit！,https://youtu.be/HNpDj7g9Fd0
460,poppin_party,開けたらDream!,https://youtu.be/E7Vac5VF7Qg
461,poppin_party,絆色のアンサンブル,https://youtu.be/tvXmaug8tG8
462,poppin_party,NO GIRL NO CRY (Poppin'Party Ver.),https://youtu.be/uBLg7gB5FiM
463,poppin_party,ちゅ、多様性。 (Cover),https://youtu.be/DhaNne4oohU
464,poppin_party,フィクション (Cover),https://youtu.be/NF-IGTDm138
465,poppin_party,幾億光年 (Cover),https://youtu.be/CHkferCyEUM
466,poppin_party,心絵 (Cover),https://youtu.be/9FhNnX_qsV0
467,poppin_party,じょいふる (Cover),https://youtu.be/3bnaYpv-DFU
468,poppin_party,MATSURI BAYASHI (Cover),https://youtu.be/Gpkg81TpkSA
469,poppin_party,私は最強 (Cover),https://youtu.be/fRxQcfI2PXo
470,poppin_party,トウキョウ・シャンディ・ランデヴ (Cover),https://youtu.be/FWdBp0JXxhs
471,poppin_party,夜行性ハイズ (Cover),https://youtu.be/bAB2ZuwcxFc
472,poppin_party,メランコリック (Cover),https://youtu.be/7X1NMdaFLiw
473,poppin_party,怪獣の花唄 (Cover),https://youtu.be/36Q4jzk_IvE
474,poppin_party,光るなら (Cover),https://youtu.be/tM9njVVTxaQ
475,poppin_party,ミュージック・アワー (Cover),https://youtu.be/dwYnaJHhnmw
476,poppin_party,only my railgun (Cover),https://youtu.be/MjJX_7wt76A
477,poppin_party,ロミオとシンデレラ (Cover),https://youtu.be/AO5UM_1IIFQ
478,poppin_party,Daydream café (Cover),https://youtu.be/2uu5rGrlHec
479,poppin_party,君じゃなきゃダメみたい (Cover),https://youtu.be/o4JpKWTT2rI
480,poppin_party,＊〜アスタリスク〜 (Cover),https://youtu.be/nAmOOEi3LHc
481,poppin_party,DAYS of DASH (Cover),https://youtu.be/dGAFk19MN6Q
482,poppin_party,檄！帝国華撃団 (Cover),https://youtu.be/XtZaRGkRwL4
483,poppin_party,DAYS (Cover),https://youtu.be/SJWQwOIdJgY
484,poppin_party,ディスカバリー！ (Cover),https://youtu.be/EHmHYlveZTI
485,poppin_party,チェリボム (Cover),https://youtu.be/BomRuEmkPsc
486,poppin_party,ヴァンパイア (Cover),https://youtu.be/I_TIPc02Ros
487,poppin_party,怪物 (Cover),https://youtu.be/k49-xYTRmyY
488,poppin_party,大河よ共に泣いてくれ (Cover),https://youtu.be/1ZoP4xnF_J0
489,poppin_party,空色デイズ (Cover),https://youtu.be/Z42iAtQpMNs
490,raise_a_suilen,Invincible Fighter,https://youtu.be/m5z-mCUwmxM
491,raise_a_suilen,A DECLARATION OF ×××,https://youtu.be/9iOltuunbvs
492,raise_a_suilen,SOUL SOLDIER,https://youtu.be/vHZF9D4gAoQ
493,raise_a_suilen,UNSTOPPABLE,https://youtu.be/HTxkTejTs8E
494,raise_a_suilen,HELL! or HELL?,https://youtu.be/xalGIIeyPLo
495,raise_a_suilen,Beautiful Birthday,https://youtu.be/AxEUw6LdHR4
496,raise_a_suilen,Takin’ my Heart,https://youtu.be/ikck11yNDxg
497,raise_a_suilen,DRIVE US CRAZY,https://youtu.be/5gUl74wG2DE
498,raise_a_suilen,!NVADE SHOW!,https://youtu.be/eLpe02tbeYU
499,raise_a_suilen,REIGNING,https://youtu.be/4i9vGzhaCg0
500,raise_a_suilen,EXPOSE ‘Burn out!!!’,https://youtu.be/oXN2YFZH0ig
501,raise_a_suilen,R・I・O・T,https://youtu.be/JYbew8XnCc8
502,raise_a_suilen,V.I.P MONSTER,https://youtu.be/ci5Ot5n-8_k
503,raise_a_suilen,mind of Prominence,https://youtu.be/CmEGhNuz_zs
504,raise_a_suilen,Ray of hope,https://youtu.be/bjHImc6cTqE
505,raise_a_suilen,EXIST,https://youtu.be/Vo3lvsrP9mY
506,raise_a_suilen,Sacred world,https://youtu.be/4b3deIpxkSk
507,raise_a_suilen,-N-E-M-E-S-I-S-,https://youtu.be/caxxCfDdklI
508,raise_a_suilen,DANCING DARING,https://youtu.be/cmbqhJ7OM8w
509,raise_a_suilen,BATTLE CRY,https://youtu.be/pW01z1Q-MQY
510,raise_a_suilen,Domination to world,https://youtu.be/41K7ic6HN4E
511,raise_a_suilen,THE WAY OF LIFE,https://youtu.be/W5bmkfq6_Wo
512,raise_a_suilen,灼熱 Bonfire!,https://youtu.be/Uh2MjQ9Q324
513,raise_a_suilen,Repaint,https://youtu.be/eJp3_buirj4
514,raise_a_suilen,Life on the Lotus,https://youtu.be/zle_8SGQgcg
515,raise_a_suilen,CORUSCATE -DNA-,https://youtu.be/1NgjttSojKw
516,raise_a_suilen,That Is How I Roll!,https://youtu.be/YsdbJl-eg2o
517,raise_a_suilen,しゅわりん☆どり～みん,https://youtu.be/xFat9vDHNJE
518,raise_a_suilen,パスパレボリューションず☆,https://youtu.be/mDKUbNpjzDU
519,raise_a_suilen,えがおのオーケストラっ！,https://youtu.be/Vlp3NkDZh7c
520,raise_a_suilen,Don't be afraid!,https://youtu.be/Wv9HiA6ONbI
521,raise_a_suilen,ゆら・ゆらRing-Dong-Dance,https://youtu.be/j69ZFBRuOlA
522,raise_a_suilen,Hey-day狂騒曲(カプリチオ),https://youtu.be/dQuVrNLZOFM
523,raise_a_suilen,Scarlet Sky,https://youtu.be/bRWWFTSHICg
524,raise_a_suilen,ゴーカ！ごーかい！？ファントムシーフ！,https://youtu.be/sooblFkVWdo
525,raise_a_suilen,R・I・O・T,https://youtu.be/NTkFFLOLuCc
526,raise_a_suilen,That Is How I Roll! (ライブ / アンコール),https://youtu.be/inRDSCi2O_E
527,raise_a_suilen,R･I･O･T (ライブ / アンコール),https://youtu.be/eyjb_cL2nag
528,raise_a_suilen,Apocalypse,https://youtu.be/0fBH7M4EY1M
529,raise_a_suilen,TWIN TALE,https://youtu.be/pB350d7RuAg
530,raise_a_suilen,STRAY CERBERUS,https://youtu.be/e_5VjvDrHz8
531,raise_a_suilen,BERSER-KEY,https://youtu.be/cmwOP8goDTw
532,raise_a_suilen,POLARIS,https://youtu.be/M-6HMvPPnLM
533,raise_a_suilen,HOWLING AMBITION,https://youtu.be/XYMoaMqyf6s
534,raise_a_suilen,VIVID FIRST TIME,https://youtu.be/ckqNhklWz6I
535,raise_a_suilen,'FIGHT' ADDICT,https://youtu.be/gHqSTnDDmJk
536,raise_a_suilen,Drown Out the Noise and Push Through the Trash,https://youtu.be/EELGtL1U1vw
537,raise_a_suilen,FIVE as ONE,https://youtu.be/rRo4HYj654A
538,raise_a_suilen,EXPOSE 'Burn out!!!' (English),https://youtu.be/JuSc3CMEv34
539,raise_a_suilen,Takin' my Heart (English),https://youtu.be/ops9Visjdwc
540,raise_a_suilen,WELCOME TO PANDEMONIUM,https://youtu.be/5sj1cxlpp5U
541,raise_a_suilen,WHAT AN EXPLOSION,https://youtu.be/5AL7kBxbMI8
542,raise_a_suilen,RUNAWAY STAR,https://youtu.be/DkMyx_sLMlk
543,raise_a_suilen,Bad Kids All Bet,https://youtu.be/mKt2u5a3-H8
544,raise_a_suilen,Light a fire,https://youtu.be/oVEfC2fyvLY
545,raise_a_suilen,Embrace of light,https://youtu.be/7LN3sI8JE5E
546,raise_a_suilen,OUTSIDER RODEO,https://youtu.be/gSVSgtA9ke4
547,raise_a_suilen,JUST THE WAY I AM,https://youtu.be/-0OIoHQv5qY
548,raise_a_suilen,ラスハピーポー！,https://youtu.be/Wq-hNQDOPJA
549,raise_a_suilen,1/3の純情な感情 (Cover),https://youtu.be/GBGMF98_oBs
550,raise_a_suilen,ヒトリノ夜 (Cover),https://youtu.be/9zwlVCZ4LRw
551,raise_a_suilen,激動 (Cover),https://youtu.be/AacM4_SwEPc
552,raise_a_suilen,メギツネ (Cover),https://youtu.be/FHdbSnHhlts
553,raise_a_suilen,Bling-Bang-Bang-Born (Cover),https://youtu.be/ciUhdk5mxt4
554,raise_a_suilen,第六感 (Cover),https://youtu.be/cb2c5sJShsQ
555,raise_a_suilen,革命道中 (Cover),https://youtu.be/xj_PkFdvQ0g
556,raise_a_suilen,Get Wild (Cover),https://youtu.be/ezQiWaCbpug
557,raise_a_suilen,ボッカデラべリタ (Cover),https://youtu.be/OsWFLfjctjQ
558,raise_a_suilen,第ゼロ感 (Cover),https://youtu.be/-87myA3SB-g
559,raise_a_suilen,劣等上等 (Cover),https://youtu.be/jE_GE2IJ5FA
560,raise_a_suilen,Just Awake (Cover),https://youtu.be/nyn9h6BraQ4
561,raise_a_suilen,Keep the Heat and Fire Yourself Up (Cover),https://youtu.be/SGMxavJkvqA
562,raise_a_suilen,ボッカデラベリタ (Cover),https://youtu.be/1Ey5S6imOwM
563,raise_a_suilen,VORACITY (Cover),https://youtu.be/rdAtnVC03M0
564,raise_a_suilen,神っぽいな (Cover),https://youtu.be/J1pFz1b08f8
565,raise_a_suilen,狂乱 Hey Kids!! (Cover),https://youtu.be/NaadmtMFqI4
566,raise_a_suilen,SAVIOR OF SONG (Cover),https://youtu.be/M45pCdVZhHY
567,raise_a_suilen,恋しさとせつなさと心強さと (Cover),https://youtu.be/8XRwP6pLi_s
568,raise_a_suilen,DEPARTURES (Cover),https://youtu.be/TLq1MbV686M
569,raise_a_suilen,CORE PRIDE (Cover),https://youtu.be/sS9JtIVl-Lw
570,roselia,Neo-Aspect,https://youtu.be/03iVXFZ8jrs
571,roselia,BLACK SHOUT,https://youtu.be/MmnU-s1TdsI
572,roselia,Opera of the wasteland,https://youtu.be/kzzXxwU3qo4
573,roselia,陽だまりロードナイト,https://youtu.be/KjgjeK-ppd0
574,roselia,ONENESS,https://youtu.be/m3mZynIlQe0
575,roselia,Re:birth day,https://youtu.be/cqY4sBLd-_E
576,roselia,Legendary,https://youtu.be/MaWXiKOzwUc
577,roselia,- HEROIC ADVENT -,https://youtu.be/HD--qY58fsM
578,roselia,Determination Symphony,https://youtu.be/4jyT00Gn2Ec
579,roselia,熱色スターマイン,https://youtu.be/DZNOUNsvWps
580,roselia,軌跡,https://youtu.be/P2BT98BC1N8
581,roselia,LOUDER,https://youtu.be/RZBHAjojJhg
582,roselia,R,https://youtu.be/ZqdMPCDsCeE
583,roselia,BRAVE JEWEL,https://youtu.be/MHXRfiufs2o
584,roselia,FIRE BIRD,https://youtu.be/59kPRviWjAo
585,roselia,Safe and Sound,https://youtu.be/0Hj-eXZzL90
586,roselia,Avant-garde HISTORY,https://youtu.be/C3vzihABDZQ
587,roselia,Break your desire,https://youtu.be/tzXB1HCJAQo
588,roselia,Neo-Aspect,https://youtu.be/Izq3AAix1Os
589,roselia,約束,https://youtu.be/Xrx-qzgzhek
590,roselia,"""UNIONS"" Road",https://youtu.be/1afLYh5w8XY
591,roselia,Song I am.,https://youtu.be/Kohn9PRanoY
592,roselia,Sage der Rosen,https://youtu.be/z0jU3sNiA44
593,roselia,覚悟のLiberation,https://youtu.be/ncY1KiGbQk8
594,roselia,Keep Heart,https://youtu.be/0e9gzU4spFU
595,roselia,Original Call,https://youtu.be/Rfw6OoJj3Cw
596,roselia,Always recall.,https://youtu.be/M5h9Td238hI
597,roselia,Floral Haven,https://youtu.be/Qa7n53DmlHg
598,roselia,Sprechchor,https://youtu.be/OpSimLr7ouc
599,roselia,閃光,https://youtu.be/I0s49imrtho
600,roselia,THE HISTORIC...,https://youtu.be/2AjNrv9FhRQ
601,roselia,ROZEN HORIZON,https://youtu.be/8Cygbjd1h8Y
602,roselia,廻廻奇譚,https://youtu.be/Upm95P9Wye0
603,roselia,鳥の詩,https://youtu.be/Y5CTSrakFlY
604,roselia,Synchrogazer,https://youtu.be/3QeYCxU7ftQ
605,roselia,名前のない怪物,https://youtu.be/7jOjYce_f4c
606,roselia,Dazzle the Destiny,https://youtu.be/NBqwhhtVs9I
607,roselia,Grateful Melting,https://youtu.be/xeBOEvFrWK8
608,roselia,Second to None,https://youtu.be/qqEMtc1NtGk
609,roselia,Steadfast Spirits,https://youtu.be/ppeswfW0mg4
610,roselia,紫炎,https://youtu.be/0BsIKL3t76M
611,roselia,XV,https://youtu.be/P9PXzNniuaY
612,roselia,Blessing Chord,https://youtu.be/qKYf5ozmgsE
613,roselia,Fear Nothing,https://youtu.be/WhEs2KF4zNo
614,roselia,PASSIONATE ANTHEM,https://youtu.be/68Gwwqp1DK4
615,roselia,Requiem for Fate,https://youtu.be/eoq81V4BpHQ
616,roselia,Sanctuary,https://youtu.be/LAPLzxHzaHY
617,roselia,Sunlit Musical,https://youtu.be/BtG1mA_1e0s
618,roselia,Talk to My Tone,https://youtu.be/ZtHU3JLdNoU
619,roselia,一逢のFull Glory,https://youtu.be/uXgEOq0544w
620,roselia,礎の花冠,https://youtu.be/GyZ4UFCbWZo
621,roselia,FRONTIER FANTASIA,https://youtu.be/XuxC9WuFZcw
622,roselia,Dear Gleam,https://youtu.be/ihQB9wYq89g
623,roselia,Call the shots,https://youtu.be/VBn-ME6-jGs
624,roselia,THRONE OF ROSE,https://youtu.be/H_ngLOaoMvs
625,roselia,VIOLET LINE,https://youtu.be/-yVtSiKoc1c
626,roselia,Ringing Bloom,https://youtu.be/h4cEEXCPO8M
627,roselia,ZEAL of proud,https://youtu.be/LKvJhHQN4Y8
628,roselia,Singing “OURS”,https://youtu.be/rGkei9v-jz4
629,roselia,競宴Red×Violet,https://youtu.be/fAYoLTda5Uo
630,roselia,overtuRe,https://youtu.be/ZbI7Cfdo4ZM
631,roselia,Proud of oneself,https://youtu.be/QJ5DMiLGliA
632,roselia,Sing Alive,https://youtu.be/2zRyFvvZa-g
633,roselia,Swear ～Night & Day～,https://youtu.be/q9g4jk1-XCs
634,roselia,Reweave (Cover),https://youtu.be/NOIUNyfVnbI
635,roselia,ヒバナ -Reloaded- (Cover),https://youtu.be/_8_h1aTcH-c
636,roselia,ファタール (Cover),https://youtu.be/B8Twg8j4a1A
637,roselia,HONEY (Cover),https://youtu.be/frI2-4pnOrw
638,roselia,悪魔の子 (Cover),https://youtu.be/kHdgtPHuya8
639,roselia,slash (Cover),https://youtu.be/gtVeDq1y0R4
640,roselia,右肩の蝶 (Cover),https://youtu.be/XfrqZWj8jD0
641,roselia,乙女解剖 (Cover),https://youtu.be/c6pS6PEjk4c
642,roselia,六兆年と一夜物語 (Cover),https://youtu.be/xnlJkmRhi3Q
643,roselia,残酷な天使のテーゼ (Cover),https://youtu.be/wiuhDFE6h0Y
644,roselia,海色 (Cover),https://youtu.be/ohmlUNGuGP0
645,roselia,ETERNAL BLAZE (Cover),https://youtu.be/mfYOideAJ30
646,roselia,魂のルフラン (Cover),https://youtu.be/f1nfxEw-A24
647,roselia,This game (Cover),https://youtu.be/6zCxyy2HERM
648,roselia,スカイクラッドの観測者 (Cover),https://youtu.be/jFaVomJ6IRk
649,roselia,シャルル (Cover),https://youtu.be/cn4pKTcLNwQ
650,roselia,新時代 (Cover),https://youtu.be/TLnpE1QLVBs
651,roselia,革命デュアリズム (Cover),https://youtu.be/RKJtSnR-7cY
652,roselia,Red fraction (Cover),https://youtu.be/SF1JjeTPbU4
653,roselia,深愛 (Cover),https://youtu.be/MOVw2hYsZcg
654,roselia,Paradisus‐Paradoxum (Cover),https://youtu.be/A12CMqrBFSw
655,roselia,Realize (Cover),https://youtu.be/bfWK5imos6A
656,roselia,Preserved Roses (Cover),https://youtu.be/rB5eL98q6f8
657,roselia,My Dearest (Cover),https://youtu.be/PeeD7-Mek8k
658,roselia,Shangri-La (Cover),https://youtu.be/vpj8rTjY_dw
659,roselia,KING (Cover),https://youtu.be/mR86Quw762c
660,mygo,素寄曲,https://youtu.be/uZSAArx6jKM
661,mygo,羅永線,https://youtu.be/fwTsHwFzOlg
662,mygo,騒混出,https://youtu.be/GzbCOAHhwzM
663,millsage,カーネーションの咲く日に,https://youtu.be/-CFoE43oPOk
